window_id,window_start,window_end,people_count_mean,people_count_std,people_count_min,people_count_max,avg_speed_mean,avg_speed_std,avg_speed_min,avg_speed_max,max_speed_mean,max_speed_std,max_speed_min,max_speed_max,speed_std_mean,speed_std_std,speed_std_min,speed_std_max,avg_displacement_mean,avg_displacement_std,avg_displacement_min,avg_displacement_max,max_displacement_mean,max_displacement_std,max_displacement_min,max_displacement_max,avg_velocity_x_mean,avg_velocity_x_std,avg_velocity_x_min,avg_velocity_x_max,avg_velocity_y_mean,avg_velocity_y_std,avg_velocity_y_min,avg_velocity_y_max,avg_acceleration_mean,avg_acceleration_std,avg_acceleration_min,avg_acceleration_max,max_acceleration_mean,max_acceleration_std,max_acceleration_min,max_acceleration_max,acceleration_std_mean,acceleration_std_std,acceleration_std_min,acceleration_std_max,avg_speed_change_mean,avg_speed_change_std,avg_speed_change_min,avg_speed_change_max,max_speed_change_mean,max_speed_change_std,max_speed_change_min,max_speed_change_max,avg_velocity_change_mean,avg_velocity_change_std,avg_velocity_change_min,avg_velocity_change_max,max_velocity_change_mean,max_velocity_change_std,max_velocity_change_min,max_velocity_change_max,avg_displacement_change_mean,avg_displacement_change_std,avg_displacement_change_min,avg_displacement_change_max,direction_alignment_mean,direction_alignment_std,direction_alignment_min,direction_alignment_max,directional_disorder_mean,directional_disorder_std,directional_disorder_min,directional_disorder_max,avg_width_mean,avg_width_std,avg_width_min,avg_width_max,avg_height_mean,avg_height_std,avg_height_min,avg_height_max,avg_density_mean,avg_density_std,avg_density_min,avg_density_max,speed_deviation,acceleration_deviation,displacement_deviation,speed_change_deviation,velocity_change_deviation,speed_trend,acceleration_trend,abnormal_behavior_score
0,0,5,10.2751677852349,3.2876901042613302,4,17,151.1473132887203,112.2233487000626,0.0,675.80375,399.37885906040265,390.3889612496508,0.0,3287.8,113.92334956941544,97.40967349271855,0.0,793.7511550733138,5.366779549704145,4.163137768557412,0.0,22.64875,15.316040268456376,16.160279751508515,0.0,110.19,-20.26142429794073,90.02337284889678,-344.2730769230769,164.10416666666666,18.344298117934617,82.73231120017975,-222.63,299.364,2189.167710322652,1458.6186510522314,0.0,10522.929292929291,6578.591452251091,4011.494349439984,0.0,18682.941176470693,2063.171099390228,1249.0009988821123,0.0,6391.071439632214,74.93620013668395,49.58950113911944,0.0,347.25666666666666,229.9010067114094,149.42661621491382,0.0,1029.06,112.86025449831853,64.98144807676077,0.0,451.50211729680615,326.8207679324245,241.2154276412868,0.0,1653.8030721945104,3.0245539931128658,2.4300333303436896,0.0,14.471,0.5114350973411376,0.1987491184474032,0.0,1.0,0.4818534932628892,0.1982456465609988,0.0,0.8333333333333334,126.91958575431237,9.41942651859295,108.3,148.14285714285714,222.26378659284308,22.9016483111272,184.5,277.93333333333334,1.1151073825503355e-05,3.5671483691817785e-06,4.34e-06,1.845e-05,0.5137306823259022,0.48801394795193975,0.5076086076171294,0.49367612138424355,0.6476229157400781,,,0.5301304550038586
1,5,10,13.06711409395973,2.621801602391001,7,20,175.3402714416015,168.4851808342921,28.38266666666667,809.71625,362.85046979865774,255.31414591539485,59.67,1328.5,96.08950586785376,84.132574001401,14.400475620452198,559.5120616582554,6.192968894377106,6.526030189721952,0.952,40.39444444444444,13.718456375838926,12.923992392363951,2.0,94.38,13.787231349317462,206.4465410359661,-375.2561538461538,785.085,-17.378263005532514,67.43838460102674,-354.6023076923077,160.71363636363637,1898.4263102975567,1226.1411926349735,472.0979020979096,6777.836644591819,6007.260006895861,3716.333385913813,1294.24242424241,21537.941176470147,1820.268368919996,1240.607075628474,271.54884576285275,7840.060341903319,67.06576448932753,48.74861843237287,15.579230769230769,313.87,208.968322147651,129.6277653482957,42.71,732.29,107.89085555516635,85.52585991105956,33.97961055463143,493.0697352963227,315.8439262922657,213.70182607635556,74.6,1120.8757667556204,2.7225084986689985,3.824363465868504,0.5215384615384615,38.2,0.5826074690760834,0.2076127872957243,0.2,1.0,0.4173925309239166,0.2076127872957243,0.0,0.8,117.21873017820772,21.30983095100804,95.85714285714286,170.375,218.27068604579569,29.200354677836337,171.83333333333334,271.1,1.418046979865772e-05,2.845077146051952e-06,7.6e-06,2.17e-05,0.861687508019537,0.09908540651477507,0.8378115191416108,0.18630505861771646,0.47536254971084124,24.192958152881175,-290.74140002509534,0.4920504084008961
2,10,15,6.154362416107382,3.810945885661821,1,13,114.12851139706676,83.23005832246442,19.040000000000003,512.6171428571429,223.77040268456375,173.49687454883767,21.1,1138.21,71.04359290341957,63.86313826520036,0.0,372.42896607464434,4.047817758118094,3.284003215761589,0.64,25.205714285714286,8.271879194630872,7.913131693680049,0.71,57.99,-39.99962120150544,68.57811367422705,-283.4533333333334,96.96999999999998,31.00152571086631,59.02134323780118,-213.83,230.305,1829.1496451998164,1575.4469255810384,62.42424242424343,11558.048563998374,4235.347311463358,4118.245495871971,187.2727272727303,32627.272727273248,1533.317096827329,1759.5220337744518,0.0,13430.096155985986,62.6493818094657,55.25386533331447,2.0600000000000005,437.698,145.88402684563758,138.68940665678144,6.1800000000000015,1076.7,91.8816766551388,64.19987654336033,14.915000000000004,486.3003333984578,216.2983693083792,193.77832963323084,14.920000000000002,1194.4104810323795,2.4865070760708345,2.6966563750093764,0.0699999999999999,22.014,0.5762364779143303,0.2923385815527808,0.0,1.0,0.3566494281259382,0.2657534260188416,0.0,0.8,113.26491729746762,14.693787640899878,88.0,139.16666666666666,204.89750894146863,19.92745247917139,145.0,258.25,6.680335570469799e-06,4.13462773514778e-06,1.09e-06,1.411e-05,-0.0186946918595724,0.006413113164844751,-0.01954055810305804,0.013828171858751345,-0.07958323924547808,-61.21176004453473,-69.2766650977403,0.004048257004719219
3,15,20,5.429530201342282,1.2425727101301134,2,8,98.14851430169382,75.1951467562218,17.566666666666666,518.0766666666667,203.5906711409396,159.69503219043253,33.36,1180.92,69.54581934523861,63.79264269116436,2.489999999999999,505.9720676381257,3.328285474592521,2.6008091430025195,0.59,17.363333333333333,6.910805369127517,5.474105939190846,1.12,39.58,25.907893736017897,75.2987224529185,-227.5075,422.69,-11.276636784915308,53.68844195937478,-140.23399999999998,283.45,1666.7571701604666,1218.8507823663988,224.46078431373252,6574.545454545205,4118.5703860555695,3003.6842500333287,438.82352941177857,13647.878787878271,1627.8924915207108,1350.262284688632,115.32161147882503,7969.736248318623,56.06106847235539,40.91554750547137,7.631666666666665,216.96,138.00617449664432,100.39137512483744,14.919999999999998,450.38,85.64804581652784,55.89230854983956,18.435011617343378,344.50673536332044,198.75512557794755,135.28863885845448,29.84,733.4313252786521,1.948851869606903,1.5637680719742724,0.2566666666666666,9.7175,0.6526685842122083,0.2668698252759233,0.0,1.0,0.3070629594119527,0.2391829107598372,0.0,0.75,119.60282038990093,27.446186435048187,89.0,282.6666666666667,202.01780121444548,34.770296670925866,157.0,382.3333333333333,5.893355704697986e-06,1.34847542078345e-06,2.17e-06,8.68e-06,-0.24852806026215776,-0.21082140676239622,-0.3071158657343262,-0.2434710378675456,-0.29566722490132274,-15.979997095372937,-162.39247503934985,0.0
4,20,25,6.97986577181208,2.516082859294191,1,14,147.98585194019253,117.5549950791332,21.1,1004.918,268.7997315436242,202.51448888755317,21.1,1687.11,82.19272292282065,67.74519107075044,0.0,433.2634099713474,5.565558691681175,5.184230319942443,0.71,33.68,11.906845637583894,17.745721946858076,0.71,161.03,49.99985411810412,123.8035181067506,-231.235,462.475,-8.860887424283398,77.31480563304335,-450.538,222.42,1958.5919889081276,1792.3707412021422,239.28571428572187,15131.515151516209,4716.266760444624,3546.2908782889867,482.3529411764857,25423.2352941158,1550.3328990064945,1190.8261166143243,0.0,7373.373880686488,66.90781513937219,60.42553789424433,8.135714285714284,499.34,159.39838926174497,119.26064548816116,16.39999999999999,864.39,100.69697587199634,74.34444429615861,20.567457224986207,540.5777617512581,228.58463481053096,174.7733878880425,42.20013270121316,1087.850930964349,3.3458536536170764,5.181192335992925,0.2728571428571428,32.932500000000005,0.5907360164071573,0.2505228422733563,0.0,1.0,0.3757069366129769,0.2355784339911622,0.0,0.8,148.76285399909565,50.78332844917742,92.33333333333331,463.0,226.21178389097847,38.64574134953336,177.85714285714286,492.0,7.5755704697986575e-06,2.7301584902391256e-06,1.09e-06,1.519e-05,0.4682607547364216,0.17956981508048597,0.5870546230545901,0.18013652338861974,0.22599228148136022,49.83733763849871,291.8348187476611,0.3282027995482955
5,25,30,10.706666666666669,1.6970035442163267,6,14,162.7816506987457,106.06961153005535,37.26833333333334,583.24875,344.6522,201.29071578249253,89.51,1158.37,91.9253644466025,54.67490109377447,17.95933400150957,289.622395306162,5.623124782069782,3.7078424495832,1.2491666666666668,19.5475,12.575266666666666,8.755512909261832,3.0,57.66,-38.43289474784475,137.0778585255056,-460.6075,245.09,-0.4020761921411919,95.4067234476803,-355.33272727272725,213.83166666666668,2092.741572971252,1293.3718945456524,465.9477124182668,10069.343434344137,6044.834462269763,3471.2757107844445,981.176470588164,17268.529411765256,1842.9110163598837,1040.7677078721729,309.7592538846136,5931.975836196979,70.85891584138083,43.3692550139331,15.842222222222224,332.2883333333333,204.36986666666667,116.94416879900206,33.36,587.13,104.6402211757316,50.40631936539314,24.5529237091146,357.2368969278823,286.3916678997252,150.17851530989617,47.181182689712216,907.456106101006,2.585045945165945,1.700665797219136,0.5288888888888889,11.135,0.5816333111333111,0.1780020392285531,0.2222222222222222,1.0,0.4183666888666888,0.1780020392285531,0.0,0.7777777777777778,124.76443053243054,16.799935753121783,98.25,196.75,251.6673485403485,23.62735573736559,200.6,312.4,1.1619e-05,1.841170385722556e-06,6.51e-06,1.519e-05,0.6810623119951341,0.3590234534669347,0.6100620495893924,0.3344423428233913,0.362681826260318,14.795798758553161,134.1495840631244,0.46945439682703405
6,30,35,3.503401360544218,2.2156793375503248,1,10,70.77277254076233,86.6283887945277,0.0,425.1885714285714,121.676462585034,156.54680238856983,0.0,635.22,36.3206093819318,44.99455218099688,0.0,196.02529403115304,2.412011121909081,2.9768114016362044,0.0,14.251428571428573,4.1204081632653065,5.273608091052567,0.0,21.29,-15.600405760716985,36.1276681531178,-208.86,89.511,27.33263270705108,72.36639156793484,-129.29666666666665,409.1914285714286,923.3311809202456,1009.7905956744688,0.0,4769.019607843289,1823.5261576362784,2373.155471938941,0.0,11617.575757576567,635.9518724323175,764.9295149632977,0.0,3595.835951688992,31.120988743116293,33.84627975445833,0.0,162.14666666666665,61.31108843537415,79.50487269575893,0.0,383.38,50.73931141134781,43.33320782552744,0.0,270.34192420390974,90.55044837981062,99.32278199660686,0.0,632.9312798400788,1.117106548968794,1.3193269406748558,0.0,6.97,0.3723895907569376,0.4308317415325567,0.0,1.0,0.1106036065219738,0.2221347188866952,0.0,0.75,85.10137674117266,14.338259354797843,57.0,108.71428571428572,188.53823021272,27.20975143301804,149.0,254.375,3.804353741496599e-06,2.4040006803805517e-06,1.09e-06,1.085e-05,-0.6422614823574619,-1.2053119940565462,-0.6733230323627521,-1.217477961414784,-1.5057514695040175,-92.00887815798336,-1169.4103920510065,0.0
7,35,40,2.9261744966442955,1.1395468500238324,1,5,81.58568008948545,46.93025579936238,9.946666666666667,230.82,131.03624161073827,92.87345526325498,14.92,666.01,44.899483756557885,42.785411704634775,0.0,294.43694824472465,2.746250559284116,1.603059370806456,0.3333333333333333,7.74,4.426308724832214,3.193851853295914,0.5,22.32,-17.399912751677853,54.95229082597688,-182.75,126.8075,-9.378255033557048,51.51096421783897,-216.3175,179.02,1247.102536031394,823.9409215717286,0.0,5517.878787879767,2170.1812439435744,1550.3568425987771,0.0,8996.666666666326,834.5201146368331,774.2422352501401,0.0,4793.882257765042,41.87774049217003,27.7401716525007,0.0,182.09,72.70979865771812,51.95795261385933,0.0,296.89,77.41331678324373,48.40231694955793,7.46,288.13079755555464,128.22818501467418,98.99918579410377,14.910000000000004,688.8466563757133,1.4211923937360178,0.9713580032059266,0.0,6.11,0.616331096196868,0.3798879131685265,0.0,1.0,0.2024608501118568,0.2623194061956529,0.0,0.75,98.56946308724832,13.46258556965516,75.66666666666667,124.66666666666669,196.0248322147651,14.93939516323468,170.0,222.0,3.177046979865772e-06,1.2354239360770182e-06,1.09e-06,5.43e-06,-0.48674412216542756,-0.772198853335465,-0.5397376308090336,-0.797385051039118,-0.581117729811946,10.812907548723118,323.7713551111484,0.0
8,40,45,9.174496644295305,3.9245098568538106,2,15,96.04772600125452,76.93597014589298,20.93428571428572,514.42,232.60570469798657,142.76979111282154,47.18,838.76,73.36777670559069,49.72894021800306,7.172161459420724,292.75111346215806,3.348928275676598,2.7475825281197683,0.7014285714285714,19.92571428571429,8.755973154362417,7.201090000025247,1.58,55.46,19.45400601635501,58.45240748697963,-80.56,328.2033333333333,-19.08040353457132,57.5354278375407,-251.4828571428571,124.32000000000004,1574.4034626913656,1233.7036165958707,286.17647058824446,8233.039215684816,4084.2339508358455,2360.616915670771,473.82352941177976,12985.294117644758,1388.0856640811662,961.028080125369,251.8098846214812,7052.576281668156,53.4431494903307,41.731750969084494,9.730000000000002,279.92333333333335,138.2089932885906,79.69203026334061,16.11,441.5,80.68009666082592,50.77778865837771,24.2707161656146,316.4882687452466,197.47950289534649,122.50281895528784,47.181182689712216,776.3333088950905,2.1029015676717018,2.0843480996106574,0.3266666666666666,14.495,0.5151113241717269,0.2025459741231421,0.0,1.0,0.4781772664322999,0.2019289904627547,0.0,0.8,113.54619873042692,13.758862087661878,83.0,156.5,192.43330224957745,14.16651018779234,147.5,218.5,9.956778523489932e-06,4.258363038561215e-06,2.17e-06,1.6279999999999997e-05,-0.2787427873681166,-0.33436415897852945,-0.2988655620189217,-0.34571093611407705,-0.4678773351713214,14.462045911769067,327.30092665997154,0.0
9,45,50,11.449664429530202,1.453961232292656,9,16,80.75144533244533,41.67112151701318,20.893636363636364,217.8633333333333,237.9447651006711,173.14479056005797,33.36,1148.82,66.52670691175226,49.92453487342983,9.719771165781191,364.47546686985663,2.9608304235846186,2.148781929490938,0.7009090909090909,17.53272727272727,10.389194630872485,16.143971116210903,1.12,171.89,32.724427154780344,48.87740455464464,-44.75545454545455,171.562,-9.019942488067487,33.53587295192024,-145.8711111111111,73.34916666666666,1154.8704495586512,543.6213214579675,370.5454545454405,3657.260400580396,3628.3366830564,2256.3011734632,773.8235294117893,16267.352941176983,1105.0740292722262,671.9669973662924,205.7563180298796,4630.595519788393,38.89385702161373,18.616651921401605,12.228,132.58833333333334,121.91483221476513,75.97521484725478,26.31,553.0899999999999,64.18639747627331,25.99504295290062,20.984226692551,158.9375720778431,190.44604549217564,117.50881378106342,33.36213422429687,612.3891489894314,1.8301586720512888,2.546143416515968,0.41,17.011666666666667,0.5413058231850179,0.2261479665853163,0.0,1.0,0.4318485392310895,0.2195099036921696,0.0,0.8,111.02411009013358,7.704877167432626,93.06666666666666,126.1,217.54264207083,19.64178816248288,182.25,251.91666666666663,1.242523489932886e-05,1.5775620876515229e-06,9.77e-06,1.736e-05,-0.4987425589051039,-0.8955789115674679,-0.4539765441968586,-0.913917283130289,-1.039618644575016,-15.296280668809189,-419.53301313271436,0.0
10,50,55,12.806666666666668,1.937606170866018,9,16,88.4433521974322,51.18886153293466,33.096666666666664,294.43,275.36473333333333,143.31166505393912,74.59,1075.06,73.41007531683789,38.0106013731877,19.415117706456368,284.7672779116849,3.03279505957006,1.8334775938193544,1.1086666666666667,11.160833333333334,9.671733333333334,5.924684314266344,2.5,40.03,20.71911118992119,74.30759132577157,-223.77666666666667,291.5881818181818,-0.3331497848447848,26.67721517812408,-74.59333333333333,73.35083333333334,1210.8752881289129,501.465193671947,301.68067226885404,3084.470588235392,4533.049654579167,2398.2378915498443,849.7058823527904,14870.88235294165,1330.28406140688,682.6728962427785,283.4661883981742,4190.044131600832,40.95891209040959,16.818677017338228,10.257142857142854,104.872,154.23146666666668,82.65807975940588,28.89,505.61,66.25345579238498,22.554888182825824,27.964795996859102,135.3509762308752,236.9033702754552,133.406823221343,53.78650481301048,747.2711204107918,1.4585552156177155,0.744199405138395,0.3449999999999999,5.2090000000000005,0.5853502793502794,0.2210088502027194,0.2,1.0,0.4146497206497206,0.2210088502027195,0.0,0.8,112.32704290154292,5.982983005131891,101.66666666666669,127.63636363636364,240.71332637732635,9.438711864012795,221.91666666666663,259.3333333333333,1.3897533333333334e-05,2.102639101262172e-06,9.77e-06,1.736e-05,-0.3881131981068599,-0.8206605126855899,-0.4252144541476356,-0.8332688667519161,-0.9679656687905216,7.691906864986876,56.004838570261654,0.0
11,55,60,11.718120805369129,2.416387008427385,5,15,116.21148095938364,69.98662506031813,24.16909090909091,554.478,328.11845637583895,191.1521931770204,47.18,1062.99,94.25998321034643,59.29780639550473,11.685489681263212,423.4753320088432,4.134714552971264,2.748411944587445,0.8109090909090909,20.098000000000003,12.187449664429533,9.201918289606676,1.58,76.16,-18.339927328078332,72.52678825334262,-295.885,146.89076923076922,2.315912612741472,55.71658250229197,-104.43,393.85,1615.4067360336935,900.7021268036265,0.0,8748.333333334886,5516.483050597777,3127.7183697297774,0.0,13922.727272726745,1666.0990805849478,946.6652046221028,0.0,5952.383289512005,55.47204800251948,31.74357209157369,0.0,288.69499999999994,186.31053691275167,104.8303899084537,0.0,464.46,90.47936822469929,53.22489409599095,0.0,503.012725505482,280.10727580276887,170.52611143700807,0.0,926.0223869864054,2.2493735315765515,2.287664391468582,0.0,22.785000000000004,0.4965296448517925,0.1618129460072738,0.0,1.0,0.4967589457522343,0.1618177333482375,0.0,0.8,123.9548215393853,6.973801972342455,107.42857142857144,145.9,258.12556859620616,16.347060847880094,196.4,288.22222222222223,1.2716577181208054e-05,2.6221766726231026e-06,5.43e-06,1.6279999999999997e-05,0.011263756063172604,-0.2795135484572742,0.015189464557813281,-0.2664745736204253,-0.12819317502981847,27.76812876195143,404.53144790478063,0.0052906441241971774
12,60,65,6.228187919463087,1.219884827135209,4,8,64.43161681048258,35.971014209289606,13.938333333333333,233.88625,156.09342281879194,95.72404837620208,42.2,485.94,51.65515374184989,32.8243472351972,9.509123063067983,169.76604592090567,2.1740751038670503,1.2040077938517908,0.4666666666666666,7.8375,5.2718791946308725,3.1880065297856746,1.41,16.29,-5.165581415787791,28.58693549202261,-76.4575,78.3225,19.349927213167145,40.07265375149412,-51.14857142857143,190.21125,1137.553468249178,528.1393988313554,250.3030303030748,2862.242424242316,3151.3783735380407,2042.88208713656,418.7878787879531,11356.363636363203,1152.8567821488705,769.3867949456015,155.8065851778785,4278.12291811233,38.47333205496964,17.802915006802305,8.26,94.454,106.90704697986575,68.46141880061883,13.82,374.76,62.08095250981545,27.48926953569165,18.43667772510109,141.13692829506672,162.36788962990585,114.5085459324796,29.84,656.5895390576977,1.2881681847235538,0.6107241143584818,0.275,3.166,0.6494167465643975,0.2951958500781363,0.0,1.0,0.290180568871844,0.2555291503239755,0.0,0.8,130.2607861936721,9.562550666506958,105.33333333333331,148.125,198.05650367529563,16.727112208514026,165.25,230.0,6.759060402684563e-06,1.3230219004345951e-06,4.34e-06,8.68e-06,-0.7334635753464244,-0.9187440620489843,-0.7684188677431032,-0.9303404154330945,-1.1126022638668873,-51.779864148901055,-477.85326778451554,0.0
13,65,70,5.852348993288591,2.491542013916374,3,12,143.71216660855922,158.74117949711834,19.53,1581.6171428571429,278.84691275167785,294.853406487752,29.84,2732.69,84.93046947509455,88.07829247216993,1.0623244953089097,776.7627273651907,5.0952642193749575,5.928507713961873,0.655,60.15571428571429,10.360738255033556,11.631570976021075,1.0,100.04,-5.021498259197925,82.39070722435825,-388.94714285714286,234.96500000000003,-16.42637564039242,152.3413960833333,-1260.6128571428574,462.47125,2027.6644339508373,2134.4215171216206,162.2058823529802,15374.242424241842,4445.578073634238,3775.000238834952,360.5882352942044,19749.41176470238,1467.1253265784144,1189.0578866054402,0.0,5904.992162400716,68.92222076227279,72.34198133056059,5.514999999999999,507.35,151.0231543624161,129.19316438221833,12.259999999999998,671.48,100.3723219658042,94.53015439630748,12.735016587651646,854.3953682575767,198.41409999163824,166.35634307746187,21.10006635060658,977.3573287186216,2.646086589771153,2.980547985159523,0.185,19.093333333333334,0.6170661553211888,0.2625545529350097,0.0,1.0,0.335953978906999,0.2358793061825276,0.0,0.75,122.8438025993395,23.78107679739636,89.42857142857143,217.0,219.6364641138131,33.5640115801606,178.6,367.5,6.352013422818792e-06,2.703754641601336e-06,3.260000000000001e-06,1.302e-05,0.40679419192043614,0.271968920614273,0.3990921359677426,0.25880688229839577,0.2147384052373239,79.28054979807663,890.1109657016593,0.31028010720763427
14,70,75,8.114093959731544,1.482010145779373,4,11,551.340463791801,333.7204151247494,12.97777777777778,1554.04,852.0363758389261,448.4031202082032,44.76,1924.54,228.75067127953253,148.55425366560954,15.09671303444708,587.297710254348,20.031689401202826,14.285197955038068,0.4355555555555555,110.3814285714286,35.96087248322148,51.90693928421567,1.5,594.57,261.2424854174535,558.8042070632941,-1096.5116666666663,1551.5225,-26.258549221844525,68.31393991440467,-228.75,167.835,4686.972797425942,3151.5206755020126,767.0261437907137,16782.24252467132,12828.94866103025,8977.987948642967,1387.6470588232835,44335.29411765774,4399.603535771767,3245.672015719776,512.1420271549455,14456.21550014498,160.52883764054738,107.26727057992366,26.07888888888889,606.0600000000001,435.9101342281879,300.1723442975101,47.18,1507.4,205.6630199299911,133.32282679116716,27.87037591829063,820.8943675069407,529.2485183446972,348.8354202030709,47.181182689712216,1700.775443878468,7.872417160579912,11.355989020738974,0.8733333333333334,86.89142857142858,0.7896040946376517,0.2082767592917349,0.0,1.0,0.2036844959663751,0.1985454412819115,0.0,0.7142857142857143,161.70213786958757,25.114314328576143,104.66666666666669,215.8,259.3785670705134,63.62339221375533,136.8,332.8333333333333,8.806174496644295e-06,1.6082769852351554e-06,4.34e-06,1.194e-05,6.26953521988732,3.8293602069902484,6.368729864422645,3.8364008615819962,3.8645589123588144,407.6282971832418,2659.3083634751047,4.833717013048204
15,75,80,5.906040268456376,2.4310554983803505,1,10,689.1319821029083,434.9146161260257,129.67555555555555,2702.88,1003.506912751678,568.5536201208876,240.55,3275.28,292.34947130887286,295.3746850164466,0.0,2251.0461536361267,24.291830936401407,16.789404069293557,4.346666666666667,118.05,36.31778523489933,26.692303345712038,8.06,216.09,-331.68618842548204,705.9409915641746,-2670.41,1591.3066666666666,-7.697043091509535,148.6019471466907,-390.864,507.2275,5688.182970099831,4956.753652668423,650.1470588234114,37847.05882352271,13484.31460666734,10432.242182971602,877.3529411763129,71554.70588237017,5275.335667858507,5244.472971912803,0.0,39886.520095437234,196.5351189943539,169.20300964408526,22.104999999999905,1286.8000000000002,458.7531543624161,350.9526870169856,29.829999999999927,2432.86,247.08259366934337,188.7838980974628,25.46149823401105,1289.9968112363686,546.3214678235779,383.03101683266976,29.829999999999927,2432.8637089857702,7.907005672738895,9.068914326218929,0.740000000000002,56.32666666666668,0.8213220411206988,0.1812131250232121,0.375,1.0,0.1786779588793011,0.1812131250232121,0.0,0.625,158.02654468946417,44.55853841539623,49.5,286.0,267.22284542452326,65.48781998250571,80.5,393.0,6.410469798657718e-06,2.6379571681589483e-06,1.09e-06,1.085e-05,8.251330873649874,5.168692039665253,8.07137968373952,5.242585914337934,5.300336360443909,137.79151831110732,1001.2101726738892,6.406864974367298
16,80,85,6.906666666666666,2.3383200149188355,1,11,258.34412734006736,177.4334418613703,38.31428571428571,1527.0083333333332,481.8189333333333,357.6688317633533,47.18,3434.66,136.82557899456515,113.21797928589972,0.0,1082.6363039436037,9.62586968013468,11.924139855342045,1.2842857142857145,140.45666666666668,19.97826666666667,45.01524731616081,1.58,555.5,-38.76591534872535,176.65879735955292,-507.23,361.36,28.61198767676768,213.4193678763127,-514.69,1380.76,3294.4760367956105,2299.289172699501,564.7058823528413,17292.847451055753,7737.762179299563,5398.129046875275,1170.8823529409688,35484.24242424108,2685.834877505325,2248.1415588125847,0.0,17705.189308335594,112.30167005531509,78.27744393997314,19.200000000000003,606.15,263.43673333333334,185.78797560261816,39.81,1170.98,161.37698242598654,88.94647305818818,34.15204803468641,683.595117286665,353.4602235624623,218.8060146725559,63.293128378995455,1273.6832110065673,6.565874425204425,22.04511410221665,0.6416666666666667,196.40666666666667,0.6178463203463203,0.2271513466066619,0.0,1.0,0.375487012987013,0.2235423041229715,0.0,0.8,131.32169312169313,50.35482256616596,59.0,244.0,195.10741221741225,105.35240114548569,77.16666666666667,499.57142857142856,7.4956666666666675e-06,2.5371273764603904e-06,1.09e-06,1.194e-05,2.055495972294605,1.966599231012335,2.2098382122243403,1.9529427635704415,2.329417717680388,-430.78785476284094,-2393.706933304221,2.1028587793564215
17,85,90,10.808080808080808,2.239154212027426,6,14,114.64517411348471,56.85374013454067,30.773636363636363,312.9888888888889,279.48080808080806,133.4492651945787,74.59,629.41,74.46567565838978,37.29698628025414,14.83176965252768,208.63246548741435,4.058704479583268,1.9959547804722104,1.030909090909091,10.491111111111111,11.042727272727271,6.9975642727588765,2.5,45.41,-19.65078556516435,87.77031074747482,-257.0576923076923,213.8333333333333,2.060502427987276,54.68622704347933,-202.2288888888889,156.64666666666668,1819.561469988111,798.9127976845103,640.7754010694051,4647.745098038392,6245.493437044237,3387.364724960535,1242.0588235297107,15879.411764709705,1898.304162194642,1011.383301513128,426.4706048313765,5132.70078385441,61.94122317048832,27.018641784202444,21.786363636363635,158.02333333333334,211.5257575757576,112.80316541088791,42.23,539.9,96.47334070549827,41.832539623968906,36.20872126162692,252.60320520765268,309.4153107555166,182.3629811509218,66.71979691216094,1034.6536723947777,2.327654029191908,1.0420667157562429,0.73,5.2975,0.5852069647524193,0.2095200418701228,0.25,1.0,0.4147930352475807,0.2095200418701228,0.0,0.75,119.5260872404812,11.418408929734666,97.0,140.1818181818182,159.58561794546642,18.30929409995771,137.0,195.1818181818182,1.172939393939394e-05,2.4296198653630938e-06,6.51e-06,1.519e-05,-0.011263756063172809,-0.006413113164844447,-0.015189464557813281,-0.013828171858751345,0.07958323924547808,-143.69895322658266,-1474.9145668074996,0.015916647849095616
